1.,1.,38.,49.,37.,17.,9.,102.,110.,35.,89.,76.,51.,14.,29.,22.,70.,82.,104.,86.,92.,31.,
1.,1.,64.,38.,87.,37.,102.,99.,17.,9.,35.,56.,23.,8.,49.,109.,50.,107.,91.,70.,73.,79.,
1.,1.,38.,17.,37.,9.,49.,8.,102.,64.,89.,40.,81.,110.,58.,35.,39.,20.,70.,51.,111.,14.,
1.,1.,58.,21.,28.,65.,60.,22.,35.,40.,99.,34.,100.,73.,8.,102.,17.,93.,112.,91.,37.,47.,
0.,1.,60.,58.,21.,28.,8.,102.,35.,64.,93.,100.,83.,61.,65.,87.,34.,56.,112.,3.,76.,73.,
1.,1.,8.,49.,102.,21.,58.,112.,110.,105.,86.,27.,35.,51.,87.,40.,56.,65.,48.,61.,104.,17.,
1.,1.,60.,34.,100.,65.,58.,38.,87.,112.,110.,35.,51.,92.,49.,28.,13.,102.,31.,48.,37.,84.,
0.,0.,60.,58.,110.,34.,28.,65.,38.,112.,51.,4.,35.,56.,64.,93.,8.,70.,84.,40.,53.,86.,
1.,0.,60.,58.,28.,34.,102.,65.,38.,83.,22.,92.,35.,74.,110.,3.,51.,56.,12.,63.,29.,70.,
1.,1.,64.,38.,102.,37.,8.,9.,28.,21.,104.,17.,49.,100.,22.,44.,61.,87.,7.,53.,86.,89.,
0.,1.,38.,64.,37.,8.,49.,12.,32.,110.,7.,14.,99.,23.,44.,82.,60.,102.,73.,45.,50.,112.,
1.,1.,23.,9.,28.,49.,37.,99.,58.,22.,3.,101.,110.,102.,8.,38.,64.,73.,89.,35.,27.,16.,
1.,1.,49.,38.,23.,64.,37.,28.,21.,17.,51.,87.,46.,25.,35.,24.,70.,89.,99.,110.,9.,61.,
1.,1.,64.,38.,37.,28.,21.,87.,102.,49.,23.,46.,32.,99.,112.,110.,86.,104.,22.,14.,3.,40.,
0.,0.,49.,28.,86.,37.,38.,22.,31.,99.,21.,35.,87.,23.,70.,65.,71.,60.,101.,14.,32.,95.,
1.,1.,28.,38.,37.,64.,49.,21.,102.,7.,23.,81.,17.,35.,70.,112.,95.,86.,22.,14.,46.,11.,
0.,1.,17.,37.,64.,102.,8.,24.,89.,58.,21.,104.,73.,7.,87.,86.,9.,110.,3.,23.,70.,28.,
1.,1.,58.,17.,38.,49.,112.,37.,28.,3.,14.,86.,4.,60.,7.,77.,72.,67.,8.,25.,31.,43.,
0.,1.,7.,49.,17.,58.,38.,112.,86.,56.,3.,16.,21.,14.,28.,97.,82.,8.,22.,60.,43.,104.,
0.,1.,28.,65.,87.,60.,37.,34.,102.,64.,35.,40.,47.,56.,50.,110.,76.,8.,53.,23.,73.,4.,
1.,1.,28.,37.,61.,65.,60.,87.,35.,40.,21.,8.,91.,110.,58.,48.,112.,29.,47.,24.,17.,2.,
1.,0.,58.,99.,40.,102.,35.,49.,8.,64.,81.,73.,89.,21.,112.,60.,24.,9.,104.,65.,43.,23.,
1.,0.,28.,100.,87.,34.,60.,58.,22.,73.,102.,21.,35.,8.,96.,7.,38.,4.,61.,31.,40.,11.,
1.,0.,28.,64.,34.,100.,60.,87.,110.,48.,35.,23.,105.,40.,79.,26.,32.,102.,31.,73.,56.,68.,
0.,0.,58.,28.,22.,34.,60.,102.,112.,110.,83.,35.,84.,104.,40.,73.,26.,86.,24.,100.,108.,105.,
1.,1.,58.,60.,65.,34.,28.,22.,8.,24.,37.,73.,35.,104.,100.,21.,92.,74.,31.,47.,46.,107.,
1.,1.,60.,58.,28.,37.,34.,23.,102.,65.,22.,64.,100.,35.,24.,112.,12.,48.,40.,92.,50.,13.,
0.,1.,21.,58.,87.,28.,60.,51.,22.,74.,31.,3.,102.,34.,8.,110.,104.,92.,93.,48.,77.,29.,
1.,1.,58.,21.,60.,28.,87.,99.,65.,22.,8.,51.,100.,14.,35.,12.,63.,74.,17.,24.,80.,77.,
0.,1.,38.,8.,35.,64.,102.,21.,28.,58.,110.,4.,49.,32.,47.,61.,31.,53.,65.,7.,104.,37.,
0.,1.,102.,38.,7.,35.,8.,64.,32.,40.,49.,3.,104.,20.,9.,100.,112.,110.,99.,53.,84.,73.,
0.,1.,38.,37.,35.,8.,102.,12.,44.,112.,91.,100.,99.,32.,17.,55.,76.,34.,4.,104.,49.,53.,
0.,1.,23.,37.,38.,17.,112.,64.,49.,7.,8.,28.,35.,92.,86.,99.,70.,32.,40.,110.,87.,84.,
1.,1.,99.,9.,49.,8.,102.,28.,58.,32.,37.,65.,23.,100.,82.,91.,47.,63.,66.,67.,101.,83.,
0.,1.,28.,38.,37.,17.,49.,112.,7.,64.,58.,8.,86.,35.,97.,110.,34.,23.,40.,92.,107.,96.,
0.,1.,74.,38.,23.,64.,37.,21.,35.,8.,99.,49.,28.,40.,102.,22.,70.,24.,27.,33.,46.,107.,
0.,1.,35.,37.,38.,49.,17.,46.,32.,40.,102.,23.,27.,65.,110.,78.,73.,47.,9.,111.,50.,107.,
0.,1.,28.,17.,23.,21.,37.,35.,14.,102.,74.,49.,65.,9.,22.,7.,70.,87.,13.,99.,46.,84.,
1.,1.,38.,49.,23.,65.,37.,58.,64.,102.,3.,35.,112.,14.,86.,46.,7.,17.,9.,108.,8.,40.,
0.,1.,38.,37.,49.,17.,34.,23.,64.,112.,99.,3.,89.,110.,97.,35.,87.,24.,82.,40.,86.,29.,
0.,1.,38.,17.,37.,23.,49.,112.,97.,64.,89.,35.,32.,102.,7.,73.,58.,11.,74.,86.,56.,31.,
0.,1.,23.,28.,40.,34.,35.,65.,60.,110.,3.,83.,87.,61.,21.,99.,24.,17.,26.,4.,46.,74.,
1.,1.,100.,23.,37.,40.,28.,35.,64.,110.,21.,74.,83.,34.,60.,112.,26.,86.,58.,24.,8.,61.,
1.,0.,49.,11.,37.,99.,102.,40.,73.,31.,17.,100.,24.,21.,25.,105.,45.,83.,27.,80.,48.,111.,
1.,0.,102.,38.,24.,11.,37.,99.,40.,49.,8.,22.,80.,28.,110.,100.,17.,109.,31.,23.,65.,35.,
0.,1.,64.,60.,22.,28.,34.,58.,65.,87.,102.,61.,63.,37.,62.,112.,7.,35.,24.,40.,55.,47.,
1.,1.,60.,65.,34.,28.,58.,87.,37.,102.,35.,92.,7.,56.,47.,40.,31.,70.,64.,22.,21.,76.,
0.,0.,7.,28.,60.,37.,87.,102.,21.,100.,35.,65.,67.,22.,105.,38.,74.,96.,73.,51.,46.,53.,
1.,0.,60.,28.,23.,7.,37.,87.,21.,76.,65.,100.,112.,8.,35.,40.,22.,29.,3.,2.,51.,39.,
0.,1.,28.,60.,34.,100.,58.,8.,102.,64.,99.,35.,31.,27.,24.,40.,26.,23.,105.,11.,18.,1.,
1.,1.,60.,28.,34.,58.,8.,102.,61.,105.,35.,17.,65.,27.,73.,99.,100.,31.,104.,2.,107.,91.,
0.,0.,100.,17.,9.,49.,102.,8.,58.,32.,40.,64.,99.,42.,3.,112.,87.,29.,86.,101.,35.,53.,
0.,1.,9.,1.,49.,32.,34.,23.,102.,110.,8.,101.,51.,37.,64.,99.,58.,47.,4.,92.,86.,56.,
1.,0.,17.,38.,49.,35.,102.,58.,104.,3.,31.,9.,64.,79.,28.,8.,7.,11.,74.,51.,111.,56.,
0.,1.,17.,49.,35.,37.,34.,64.,9.,112.,23.,110.,102.,92.,76.,22.,40.,74.,99.,65.,79.,109.,
0.,1.,17.,38.,7.,37.,22.,49.,110.,14.,21.,99.,112.,23.,6.,76.,35.,8.,40.,64.,87.,50.,
0.,1.,49.,17.,112.,14.,38.,58.,37.,89.,7.,104.,99.,8.,110.,102.,97.,31.,21.,86.,56.,77.,
0.,1.,17.,38.,7.,37.,22.,23.,64.,112.,32.,3.,87.,58.,89.,102.,99.,49.,51.,77.,63.,111.,
0.,0.,73.,37.,11.,49.,17.,9.,51.,35.,23.,102.,22.,58.,64.,8.,104.,74.,80.,110.,55.,1.,
1.,0.,35.,32.,3.,49.,22.,102.,8.,40.,13.,73.,107.,80.,100.,1.,58.,26.,60.,56.,92.,29.,
1.,0.,35.,49.,37.,32.,22.,8.,102.,80.,3.,73.,99.,63.,40.,21.,100.,70.,101.,91.,13.,86.,
1.,1.,71.,32.,64.,49.,102.,21.,7.,37.,38.,1.,34.,17.,82.,61.,91.,53.,9.,4.,35.,8.,
1.,0.,80.,34.,32.,37.,23.,49.,102.,1.,65.,87.,100.,67.,40.,99.,110.,84.,22.,73.,70.,109.,
1.,1.,64.,38.,35.,49.,102.,37.,9.,110.,40.,3.,22.,112.,7.,11.,80.,79.,21.,31.,51.,32.,
0.,1.,7.,49.,37.,38.,17.,89.,112.,104.,21.,51.,3.,58.,99.,80.,110.,50.,9.,14.,32.,8.,
0.,1.,38.,17.,28.,37.,87.,102.,8.,64.,60.,112.,14.,86.,89.,110.,76.,74.,56.,49.,77.,111.,
1.,1.,38.,64.,49.,102.,35.,8.,3.,9.,99.,65.,76.,87.,111.,37.,91.,7.,80.,110.,83.,11.,
1.,1.,49.,38.,89.,17.,37.,58.,7.,87.,31.,21.,86.,14.,51.,102.,110.,35.,8.,23.,70.,77.,
1.,1.,64.,38.,35.,49.,102.,37.,22.,9.,21.,91.,83.,40.,87.,79.,89.,3.,86.,100.,99.,7.,
1.,1.,37.,35.,38.,23.,17.,8.,102.,9.,81.,112.,49.,74.,99.,7.,92.,51.,73.,47.,104.,14.,
0.,1.,7.,37.,102.,28.,49.,17.,58.,35.,40.,110.,8.,112.,70.,11.,64.,26.,22.,89.,92.,48.,
1.,1.,37.,38.,28.,17.,49.,7.,58.,64.,51.,40.,23.,104.,89.,110.,81.,35.,70.,3.,65.,8.,
0.,0.,2.,28.,60.,73.,37.,102.,23.,11.,34.,40.,99.,35.,21.,110.,92.,49.,51.,22.,105.,31.,
1.,1.,100.,64.,32.,21.,49.,110.,83.,7.,23.,17.,4.,37.,38.,42.,96.,84.,1.,35.,71.,70.,
0.,1.,32.,1.,49.,21.,64.,37.,110.,112.,8.,58.,9.,100.,86.,28.,17.,35.,14.,34.,29.,83.,
0.,1.,49.,38.,23.,35.,7.,17.,102.,60.,9.,41.,37.,14.,58.,106.,64.,2.,31.,26.,104.,101.,
0.,0.,23.,38.,49.,7.,35.,17.,37.,60.,102.,21.,51.,99.,110.,41.,40.,2.,14.,9.,58.,24.,
0.,1.,58.,60.,37.,28.,34.,102.,65.,35.,64.,112.,21.,73.,100.,23.,93.,81.,22.,84.,18.,76.,
1.,1.,60.,37.,65.,58.,34.,102.,9.,112.,104.,35.,28.,64.,7.,110.,96.,92.,24.,73.,56.,70.,
0.,1.,38.,37.,58.,34.,8.,49.,17.,110.,70.,65.,73.,97.,102.,112.,40.,86.,3.,23.,60.,103.,
0.,1.,58.,60.,102.,34.,37.,65.,64.,61.,35.,100.,28.,62.,11.,87.,13.,22.,92.,40.,63.,4.,
1.,1.,37.,17.,34.,8.,58.,110.,21.,22.,87.,40.,35.,86.,39.,38.,73.,70.,89.,4.,50.,111.,
0.,1.,60.,37.,28.,58.,65.,61.,102.,34.,100.,3.,91.,35.,62.,87.,74.,110.,56.,67.,53.,84.,
0.,0.,37.,38.,49.,102.,64.,8.,81.,9.,35.,23.,79.,111.,31.,80.,11.,84.,104.,101.,73.,74.,
1.,1.,37.,38.,49.,64.,102.,9.,22.,35.,79.,8.,51.,7.,83.,32.,108.,73.,80.,3.,40.,34.,
0.,0.,64.,49.,37.,38.,102.,23.,99.,3.,80.,112.,9.,79.,58.,8.,24.,11.,74.,51.,111.,91.,
1.,1.,37.,38.,74.,17.,49.,23.,28.,8.,35.,86.,102.,81.,64.,22.,51.,76.,89.,14.,21.,40.,
0.,1.,58.,37.,49.,74.,38.,17.,70.,23.,14.,109.,51.,89.,76.,21.,40.,28.,96.,61.,107.,35.,
1.,1.,34.,28.,3.,60.,37.,56.,76.,22.,74.,4.,104.,51.,19.,58.,11.,87.,84.,18.,31.,35.,
0.,1.,23.,34.,60.,37.,28.,64.,7.,52.,35.,31.,91.,67.,9.,22.,56.,4.,104.,26.,65.,70.,
0.,0.,28.,37.,22.,60.,102.,87.,58.,35.,64.,8.,3.,104.,24.,34.,23.,65.,7.,61.,4.,76.,
0.,1.,28.,37.,35.,60.,22.,87.,3.,8.,102.,92.,64.,34.,84.,7.,1.,67.,104.,14.,2.,91.,
0.,1.,37.,28.,100.,34.,60.,102.,58.,31.,48.,64.,22.,3.,35.,24.,112.,104.,87.,99.,7.,68.,
1.,1.,21.,49.,28.,8.,110.,102.,112.,34.,56.,74.,84.,37.,60.,91.,92.,31.,109.,93.,29.,100.,
1.,1.,49.,21.,8.,28.,110.,102.,112.,93.,34.,73.,58.,4.,33.,60.,40.,56.,47.,3.,30.,91.,
0.,1.,58.,60.,65.,28.,34.,62.,21.,64.,102.,23.,4.,35.,24.,37.,74.,40.,48.,92.,56.,47.,
1.,1.,28.,49.,21.,34.,110.,47.,89.,8.,24.,112.,102.,37.,76.,97.,35.,86.,60.,68.,93.,58.,
0.,1.,58.,28.,65.,60.,37.,34.,102.,21.,64.,99.,35.,40.,22.,48.,23.,112.,84.,92.,4.,67.,
0.,1.,60.,58.,7.,37.,28.,65.,61.,103.,22.,35.,2.,46.,76.,40.,34.,102.,21.,67.,18.,63.,
1.,0.,100.,99.,8.,49.,35.,9.,102.,110.,65.,29.,55.,32.,105.,60.,86.,77.,37.,112.,95.,91.,
1.,0.,8.,99.,35.,49.,37.,102.,100.,32.,91.,67.,112.,40.,55.,7.,65.,1.,53.,56.,63.,34.,
0.,0.,8.,99.,35.,100.,49.,9.,32.,37.,45.,1.,91.,7.,102.,20.,23.,29.,83.,56.,107.,28.,
1.,1.,17.,37.,23.,38.,49.,102.,65.,99.,8.,9.,22.,61.,100.,3.,12.,94.,73.,74.,107.,83.,
1.,1.,49.,38.,35.,37.,102.,23.,22.,65.,61.,3.,9.,21.,89.,17.,110.,78.,19.,14.,58.,8.,
0.,1.,38.,37.,58.,11.,17.,8.,49.,64.,89.,31.,35.,57.,110.,92.,81.,112.,61.,40.,86.,94.,
0.,0.,37.,38.,11.,58.,17.,8.,64.,49.,22.,51.,31.,89.,99.,102.,35.,92.,70.,112.,14.,73.,
0.,0.,38.,37.,8.,17.,58.,49.,70.,31.,40.,112.,89.,65.,100.,11.,76.,22.,108.,51.,83.,35.,
0.,1.,34.,28.,35.,60.,37.,102.,58.,87.,65.,8.,64.,92.,40.,22.,26.,9.,56.,3.,110.,51.,
1.,1.,60.,37.,87.,58.,28.,102.,7.,34.,73.,35.,56.,112.,83.,65.,91.,22.,67.,92.,51.,31.,
1.,1.,35.,28.,60.,34.,37.,102.,58.,24.,92.,21.,23.,3.,31.,19.,104.,68.,84.,81.,47.,18.,
0.,1.,34.,60.,64.,28.,87.,102.,37.,7.,92.,2.,35.,96.,21.,112.,99.,105.,4.,18.,84.,51.,
1.,1.,23.,102.,17.,37.,49.,112.,58.,28.,14.,33.,86.,22.,7.,110.,51.,34.,73.,99.,80.,12.,
1.,1.,17.,28.,23.,51.,102.,37.,49.,65.,89.,33.,22.,63.,99.,109.,35.,34.,74.,81.,48.,8.,
1.,1.,23.,64.,49.,35.,102.,37.,3.,17.,56.,9.,11.,14.,58.,86.,51.,112.,29.,22.,80.,8.,
0.,1.,64.,102.,37.,23.,49.,17.,99.,35.,14.,112.,51.,110.,73.,3.,66.,8.,80.,52.,43.,62.,
0.,1.,17.,49.,23.,28.,99.,37.,102.,89.,51.,65.,9.,38.,87.,109.,66.,73.,64.,43.,21.,94.,
0.,0.,38.,37.,49.,58.,7.,17.,80.,21.,23.,99.,51.,94.,35.,47.,108.,73.,84.,61.,8.,89.,
0.,1.,112.,17.,28.,23.,49.,102.,99.,64.,22.,73.,14.,37.,38.,65.,96.,47.,9.,51.,56.,93.,
0.,1.,17.,49.,99.,28.,37.,23.,64.,22.,35.,3.,51.,58.,89.,7.,87.,66.,52.,76.,14.,34.,
1.,0.,7.,38.,22.,49.,17.,37.,110.,64.,99.,23.,3.,65.,58.,31.,83.,21.,35.,78.,94.,79.,
0.,0.,105.,38.,37.,23.,112.,58.,102.,110.,51.,89.,72.,49.,3.,21.,40.,31.,28.,26.,47.,17.,
0.,0.,28.,37.,8.,17.,99.,102.,112.,22.,56.,14.,84.,31.,93.,65.,4.,58.,49.,64.,33.,35.,
1.,1.,38.,17.,7.,21.,37.,23.,110.,99.,12.,8.,34.,14.,49.,22.,32.,94.,67.,42.,102.,107.,
0.,1.,28.,87.,99.,14.,23.,38.,37.,51.,89.,8.,35.,64.,21.,22.,109.,24.,61.,16.,101.,9.,
1.,1.,49.,8.,37.,28.,17.,21.,11.,64.,112.,56.,23.,58.,110.,35.,74.,83.,73.,89.,53.,84.,
1.,1.,38.,21.,7.,17.,37.,112.,110.,102.,34.,51.,13.,14.,49.,89.,32.,58.,80.,35.,42.,3.,
1.,0.,17.,102.,58.,37.,49.,23.,38.,28.,9.,22.,89.,73.,24.,1.,14.,77.,65.,96.,16.,33.,
1.,1.,65.,38.,51.,17.,37.,23.,7.,77.,58.,3.,14.,21.,35.,22.,97.,29.,31.,32.,34.,86.,
1.,1.,17.,49.,21.,28.,102.,65.,58.,33.,9.,61.,22.,63.,76.,8.,11.,51.,37.,31.,53.,74.,
1.,1.,87.,58.,21.,1.,49.,28.,23.,17.,110.,89.,29.,8.,35.,76.,64.,40.,70.,99.,30.,73.,
1.,1.,38.,23.,102.,42.,17.,37.,97.,91.,31.,21.,8.,35.,89.,7.,110.,9.,40.,14.,32.,44.,
1.,1.,23.,28.,35.,87.,21.,17.,99.,110.,70.,11.,37.,92.,52.,24.,4.,79.,56.,102.,71.,84.,
0.,0.,64.,21.,73.,32.,80.,49.,100.,101.,22.,83.,23.,102.,8.,104.,74.,63.,1.,87.,17.,11.,
1.,0.,23.,64.,21.,104.,35.,100.,80.,57.,79.,8.,89.,47.,73.,24.,32.,101.,99.,40.,74.,112.,
1.,0.,100.,64.,9.,23.,49.,102.,35.,37.,83.,110.,17.,1.,32.,55.,8.,60.,21.,14.,87.,19.,
0.,1.,49.,100.,9.,35.,7.,64.,37.,23.,40.,55.,32.,67.,17.,42.,1.,20.,14.,92.,101.,56.,
0.,1.,28.,17.,99.,38.,23.,21.,51.,64.,12.,89.,102.,8.,22.,9.,37.,31.,110.,87.,105.,7.,
0.,1.,38.,8.,35.,58.,28.,37.,99.,102.,49.,112.,13.,60.,9.,104.,17.,56.,21.,101.,23.,110.,
1.,1.,38.,37.,7.,87.,23.,3.,99.,102.,112.,51.,47.,58.,35.,89.,12.,28.,21.,22.,65.,9.,
0.,1.,38.,37.,23.,17.,112.,65.,21.,28.,24.,4.,80.,86.,39.,31.,89.,8.,3.,102.,64.,22.,
0.,0.,28.,23.,3.,35.,37.,60.,58.,51.,31.,22.,112.,105.,40.,102.,74.,17.,93.,109.,20.,87.,
1.,1.,37.,28.,17.,38.,99.,102.,21.,23.,11.,51.,86.,22.,49.,64.,55.,31.,61.,35.,89.,93.,
1.,1.,37.,28.,35.,38.,99.,23.,7.,21.,40.,65.,64.,74.,41.,104.,13.,17.,73.,61.,12.,59.,
1.,1.,102.,58.,7.,38.,49.,17.,37.,8.,24.,22.,51.,32.,35.,100.,21.,89.,47.,76.,78.,81.,
1.,0.,60.,49.,28.,23.,58.,102.,8.,112.,96.,51.,57.,24.,3.,86.,4.,80.,17.,21.,40.,87.,
1.,1.,58.,37.,49.,96.,38.,23.,87.,17.,21.,83.,14.,70.,20.,73.,25.,89.,29.,57.,35.,9.,
1.,1.,49.,112.,37.,87.,28.,102.,58.,21.,17.,92.,35.,86.,64.,110.,23.,47.,4.,63.,62.,56.,
0.,1.,17.,38.,49.,37.,23.,102.,112.,22.,3.,51.,58.,46.,28.,34.,21.,61.,81.,92.,57.,47.,
0.,1.,23.,65.,102.,17.,7.,37.,49.,112.,21.,58.,64.,97.,28.,38.,22.,96.,14.,8.,93.,9.,
1.,1.,35.,23.,60.,7.,28.,17.,37.,112.,14.,31.,49.,56.,89.,110.,83.,92.,47.,24.,81.,21.,
0.,1.,35.,38.,37.,87.,58.,21.,31.,64.,81.,70.,80.,60.,102.,23.,17.,99.,40.,89.,4.,63.,
1.,1.,58.,28.,35.,21.,60.,99.,80.,112.,40.,110.,17.,22.,96.,24.,42.,79.,102.,74.,18.,56.,
1.,1.,73.,23.,37.,49.,102.,38.,87.,33.,89.,14.,96.,9.,70.,31.,35.,63.,65.,3.,21.,22.,
0.,1.,49.,32.,37.,17.,23.,99.,22.,28.,14.,1.,38.,100.,51.,24.,47.,29.,35.,58.,25.,89.,
0.,0.,112.,100.,34.,35.,23.,102.,28.,17.,53.,51.,32.,49.,73.,24.,77.,83.,4.,57.,2.,56.,
0.,1.,31.,38.,49.,37.,64.,17.,7.,89.,25.,21.,58.,14.,51.,112.,104.,8.,3.,32.,93.,11.,
1.,1.,7.,38.,49.,35.,102.,23.,64.,3.,99.,79.,17.,14.,73.,9.,34.,104.,83.,110.,33.,76.,
1.,1.,7.,38.,22.,37.,17.,49.,3.,89.,76.,8.,112.,23.,55.,82.,72.,58.,74.,110.,25.,31.,
0.,1.,7.,38.,35.,49.,23.,102.,3.,99.,104.,17.,22.,51.,9.,100.,79.,14.,40.,31.,83.,4.,
1.,1.,17.,49.,64.,38.,37.,23.,99.,7.,9.,61.,21.,35.,22.,3.,8.,89.,14.,51.,92.,34.,
0.,1.,38.,17.,37.,64.,35.,49.,102.,7.,39.,21.,100.,23.,22.,99.,73.,65.,60.,51.,61.,9.,
0.,1.,38.,32.,7.,1.,110.,37.,99.,65.,9.,55.,17.,34.,12.,35.,45.,42.,58.,101.,104.,21.,
1.,1.,38.,32.,7.,1.,110.,23.,99.,37.,34.,49.,9.,17.,35.,19.,105.,53.,64.,21.,61.,11.,
0.,1.,38.,32.,7.,1.,23.,35.,55.,49.,83.,64.,13.,110.,9.,22.,17.,58.,42.,102.,99.,109.,
0.,1.,38.,32.,7.,1.,37.,23.,99.,87.,22.,21.,17.,49.,35.,110.,34.,65.,9.,45.,105.,25.,
0.,1.,38.,32.,7.,1.,23.,37.,3.,49.,34.,100.,9.,17.,83.,110.,45.,8.,64.,35.,102.,28.,
0.,1.,64.,38.,37.,7.,99.,17.,49.,23.,102.,8.,14.,51.,80.,35.,79.,22.,87.,40.,29.,83.,
1.,1.,7.,25.,99.,37.,38.,35.,24.,96.,104.,83.,73.,21.,76.,64.,70.,40.,52.,14.,12.,61.,
1.,1.,23.,97.,38.,17.,37.,49.,102.,51.,89.,58.,35.,32.,100.,22.,99.,83.,7.,74.,25.,1.,
0.,1.,65.,38.,37.,23.,17.,112.,97.,35.,32.,64.,31.,87.,58.,21.,89.,26.,22.,110.,24.,76.,
1.,1.,112.,38.,17.,64.,23.,49.,102.,32.,101.,87.,37.,89.,3.,7.,35.,107.,99.,47.,70.,97.,
1.,1.,17.,38.,49.,23.,37.,64.,65.,102.,14.,89.,99.,32.,51.,58.,29.,72.,100.,87.,47.,22.,
0.,1.,112.,38.,17.,87.,64.,23.,102.,37.,14.,89.,51.,32.,49.,7.,99.,35.,58.,40.,22.,21.,
1.,0.,23.,28.,40.,34.,60.,87.,35.,74.,79.,18.,47.,111.,21.,24.,104.,110.,84.,48.,102.,92.,
0.,0.,99.,11.,40.,38.,37.,21.,24.,28.,92.,25.,46.,23.,102.,58.,52.,2.,29.,4.,96.,100.,
1.,1.,100.,23.,34.,40.,28.,60.,74.,79.,35.,21.,18.,48.,3.,19.,68.,105.,4.,111.,46.,107.,
0.,1.,38.,99.,11.,37.,21.,23.,24.,100.,19.,92.,34.,4.,40.,109.,28.,95.,2.,87.,25.,13.,
1.,0.,40.,68.,23.,28.,60.,87.,47.,53.,21.,19.,4.,112.,74.,102.,35.,99.,37.,93.,29.,73.,
1.,0.,64.,73.,60.,37.,21.,99.,40.,105.,52.,101.,17.,100.,109.,102.,112.,51.,104.,93.,11.,96.,
1.,0.,35.,68.,74.,28.,60.,40.,48.,53.,79.,34.,61.,37.,23.,76.,87.,19.,104.,8.,21.,47.,
1.,1.,73.,64.,99.,37.,102.,21.,7.,35.,40.,17.,100.,104.,74.,60.,112.,8.,79.,3.,80.,2.,
1.,0.,68.,60.,31.,74.,34.,28.,102.,82.,112.,23.,35.,92.,53.,48.,19.,73.,104.,91.,37.,98.,
1.,1.,35.,99.,65.,32.,49.,9.,17.,110.,92.,8.,23.,1.,91.,100.,24.,29.,104.,40.,13.,14.,
0.,1.,35.,99.,49.,32.,37.,17.,65.,91.,34.,7.,67.,14.,24.,22.,9.,100.,112.,53.,92.,83.,
1.,1.,49.,100.,35.,99.,32.,64.,65.,7.,55.,91.,17.,8.,42.,96.,58.,38.,14.,53.,101.,94.,
1.,1.,38.,37.,35.,23.,7.,87.,47.,32.,40.,64.,21.,91.,20.,100.,9.,49.,104.,67.,13.,8.,
0.,1.,38.,37.,73.,23.,35.,7.,47.,99.,27.,91.,13.,32.,87.,102.,40.,31.,14.,9.,25.,83.,
1.,1.,38.,23.,35.,64.,37.,7.,21.,99.,91.,32.,87.,4.,11.,60.,96.,53.,1.,67.,74.,94.,
0.,1.,37.,35.,32.,23.,64.,49.,9.,8.,17.,91.,65.,99.,112.,104.,42.,1.,84.,110.,47.,59.,
1.,0.,21.,38.,99.,64.,102.,22.,79.,37.,35.,3.,25.,100.,83.,7.,71.,27.,105.,31.,66.,70.,
0.,1.,37.,23.,32.,35.,21.,64.,49.,17.,11.,91.,9.,112.,65.,74.,55.,99.,104.,1.,58.,34.,
0.,0.,38.,21.,37.,99.,102.,64.,79.,22.,83.,49.,31.,14.,87.,71.,17.,11.,35.,40.,92.,53.,
0.,1.,23.,38.,28.,17.,37.,99.,74.,7.,64.,97.,14.,89.,21.,51.,35.,58.,102.,24.,87.,22.,
0.,1.,32.,100.,65.,99.,37.,60.,35.,67.,31.,7.,91.,64.,112.,110.,34.,42.,77.,22.,17.,12.,
1.,1.,37.,23.,17.,38.,28.,7.,65.,21.,64.,74.,89.,31.,35.,102.,97.,51.,104.,8.,61.,12.,
0.,1.,28.,38.,74.,17.,87.,99.,23.,64.,49.,35.,100.,32.,19.,89.,22.,65.,14.,53.,51.,8.,
0.,1.,23.,38.,112.,28.,17.,32.,87.,99.,37.,65.,21.,101.,74.,47.,64.,14.,53.,35.,89.,31.,
0.,1.,28.,38.,74.,17.,7.,99.,49.,64.,102.,21.,37.,8.,14.,23.,65.,93.,89.,80.,100.,35.,
0.,1.,65.,38.,112.,49.,17.,37.,7.,51.,35.,70.,89.,58.,97.,39.,31.,14.,23.,21.,93.,26.,
0.,1.,112.,65.,49.,37.,38.,17.,9.,96.,24.,45.,23.,41.,80.,7.,51.,32.,35.,73.,47.,94.,
0.,1.,65.,38.,37.,49.,112.,17.,7.,58.,89.,3.,51.,64.,35.,110.,26.,31.,1.,8.,15.,99.,
0.,1.,92.,28.,21.,34.,60.,47.,24.,102.,56.,58.,35.,112.,29.,76.,89.,91.,18.,8.,51.,46.,
1.,1.,64.,92.,34.,28.,21.,60.,3.,24.,112.,31.,58.,79.,74.,47.,19.,87.,4.,35.,40.,84.,
1.,1.,38.,99.,11.,58.,21.,37.,28.,35.,40.,24.,23.,17.,110.,80.,34.,42.,70.,91.,31.,61.,
0.,1.,99.,38.,58.,11.,21.,24.,37.,7.,76.,23.,35.,91.,40.,83.,17.,66.,3.,25.,29.,73.,
0.,1.,60.,68.,34.,28.,37.,102.,74.,99.,40.,112.,35.,53.,48.,67.,93.,22.,14.,31.,18.,100.,
0.,0.,99.,38.,102.,37.,7.,42.,64.,21.,40.,84.,92.,4.,79.,23.,58.,31.,3.,56.,46.,11.,
0.,0.,68.,60.,31.,28.,34.,99.,24.,74.,112.,40.,73.,102.,87.,110.,23.,35.,48.,53.,92.,29.,
1.,0.,38.,99.,11.,102.,73.,28.,37.,64.,34.,92.,23.,40.,3.,108.,21.,93.,4.,111.,84.,25.,
1.,1.,11.,99.,38.,102.,73.,28.,64.,100.,23.,2.,34.,92.,40.,49.,58.,107.,109.,91.,65.,37.,
0.,0.,34.,28.,60.,92.,35.,24.,40.,21.,29.,37.,104.,47.,79.,105.,93.,76.,91.,87.,102.,112.,
1.,1.,92.,28.,21.,34.,60.,37.,102.,35.,8.,23.,24.,74.,110.,76.,58.,79.,19.,51.,40.,29.,
1.,1.,37.,58.,34.,99.,21.,110.,73.,35.,40.,42.,111.,80.,38.,76.,96.,70.,87.,60.,9.,11.,
0.,1.,32.,23.,8.,37.,35.,49.,99.,110.,64.,73.,22.,17.,21.,83.,1.,38.,91.,104.,65.,31.,
1.,1.,32.,38.,23.,21.,37.,1.,31.,64.,100.,13.,7.,35.,87.,110.,55.,34.,3.,89.,79.,104.,
0.,0.,34.,92.,60.,28.,37.,40.,48.,102.,74.,105.,23.,64.,99.,21.,26.,24.,53.,58.,112.,56.,
0.,1.,58.,37.,83.,34.,99.,21.,35.,73.,60.,40.,80.,111.,76.,47.,24.,46.,61.,70.,91.,104.,
1.,1.,37.,32.,21.,23.,35.,7.,47.,17.,11.,110.,4.,26.,42.,49.,107.,48.,104.,101.,91.,74.,
0.,1.,21.,32.,38.,23.,1.,37.,7.,83.,13.,73.,99.,31.,3.,110.,34.,87.,91.,35.,111.,102.,
0.,1.,21.,23.,37.,38.,22.,7.,35.,73.,47.,64.,41.,74.,9.,1.,87.,17.,104.,31.,44.,26.,
0.,1.,23.,37.,100.,32.,17.,35.,21.,73.,60.,49.,11.,7.,110.,24.,99.,4.,9.,91.,26.,29.,
0.,1.,21.,23.,37.,38.,110.,7.,35.,9.,1.,91.,41.,31.,67.,29.,22.,2.,73.,19.,39.,95.,
0.,1.,37.,23.,32.,100.,38.,35.,24.,9.,21.,49.,87.,104.,96.,110.,17.,91.,89.,1.,29.,59.,
0.,0.,112.,65.,37.,9.,64.,8.,60.,49.,53.,58.,67.,23.,80.,42.,2.,32.,47.,101.,40.,26.,
0.,0.,1.,100.,49.,71.,37.,9.,73.,95.,61.,87.,31.,14.,11.,35.,3.,109.,105.,2.,104.,33.,
0.,1.,32.,112.,65.,64.,34.,24.,37.,102.,17.,53.,31.,92.,42.,35.,58.,81.,91.,40.,49.,60.,
0.,1.,38.,23.,35.,21.,100.,37.,7.,80.,87.,91.,99.,104.,41.,112.,13.,32.,59.,101.,55.,56.,
0.,1.,32.,38.,1.,23.,64.,83.,63.,37.,31.,100.,73.,91.,110.,47.,96.,104.,22.,67.,74.,79.,
1.,0.,38.,32.,21.,1.,23.,64.,37.,83.,84.,89.,100.,63.,101.,87.,108.,109.,104.,3.,110.,12.,
1.,1.,23.,38.,21.,100.,7.,24.,28.,37.,91.,17.,1.,87.,112.,35.,92.,13.,99.,32.,34.,41.,
1.,0.,53.,38.,73.,28.,34.,112.,8.,102.,81.,3.,23.,82.,100.,35.,111.,32.,91.,47.,110.,65.,
0.,1.,49.,37.,17.,102.,99.,7.,35.,76.,81.,40.,65.,4.,73.,33.,28.,46.,104.,14.,71.,90.,
0.,1.,100.,32.,37.,65.,64.,99.,7.,9.,67.,49.,1.,31.,77.,17.,35.,40.,47.,23.,91.,2.,
1.,1.,37.,49.,102.,17.,99.,38.,96.,73.,29.,3.,7.,86.,8.,24.,31.,43.,35.,64.,82.,40.,
1.,1.,38.,32.,28.,9.,34.,65.,71.,112.,64.,58.,35.,86.,110.,102.,82.,53.,31.,4.,67.,81.,
1.,1.,35.,38.,64.,17.,37.,102.,49.,51.,112.,14.,7.,110.,22.,39.,99.,58.,100.,70.,108.,78.,
0.,1.,9.,100.,65.,37.,11.,64.,32.,20.,49.,40.,101.,83.,31.,1.,42.,8.,13.,35.,4.,66.,
1.,1.,37.,49.,35.,17.,38.,3.,29.,28.,81.,74.,14.,96.,112.,61.,86.,4.,104.,99.,60.,105.,
0.,1.,38.,35.,37.,17.,102.,49.,64.,9.,79.,7.,89.,51.,112.,65.,110.,22.,105.,31.,86.,2.,
0.,1.,49.,38.,28.,37.,64.,17.,99.,35.,74.,21.,14.,23.,29.,11.,65.,8.,104.,84.,73.,112.,
1.,1.,14.,102.,112.,17.,49.,99.,37.,39.,7.,23.,35.,89.,3.,51.,31.,70.,24.,83.,21.,110.,
0.,1.,49.,38.,64.,37.,3.,17.,102.,87.,14.,86.,51.,70.,23.,112.,99.,11.,4.,83.,111.,46.,
0.,0.,58.,28.,100.,34.,60.,35.,76.,40.,17.,37.,96.,21.,23.,48.,19.,79.,93.,3.,1.,102.,
0.,1.,14.,102.,49.,37.,38.,17.,99.,96.,73.,8.,40.,9.,112.,110.,86.,94.,29.,7.,82.,21.,
0.,0.,99.,34.,68.,28.,60.,25.,112.,76.,24.,104.,37.,8.,74.,40.,48.,23.,87.,31.,2.,19.,
1.,1.,102.,38.,17.,37.,7.,3.,87.,49.,46.,96.,112.,51.,77.,23.,31.,64.,83.,70.,52.,89.,
0.,1.,102.,28.,64.,60.,34.,99.,65.,61.,40.,73.,58.,37.,93.,82.,47.,68.,35.,4.,16.,53.,
1.,1.,102.,38.,17.,11.,58.,37.,7.,23.,100.,32.,4.,28.,105.,110.,73.,99.,35.,83.,8.,40.,
0.,1.,51.,17.,74.,38.,49.,28.,102.,64.,12.,14.,112.,104.,23.,39.,61.,89.,37.,101.,53.,108.,
1.,1.,34.,99.,60.,28.,68.,92.,58.,87.,80.,73.,104.,31.,37.,24.,48.,53.,91.,32.,93.,112.,
1.,1.,37.,102.,38.,49.,35.,99.,7.,17.,73.,9.,112.,65.,47.,110.,77.,104.,14.,31.,4.,29.,
1.,1.,60.,28.,34.,58.,99.,37.,102.,7.,35.,96.,61.,65.,92.,40.,8.,64.,74.,22.,105.,112.,
0.,0.,60.,46.,35.,58.,21.,64.,17.,11.,40.,37.,91.,104.,112.,110.,92.,65.,108.,99.,61.,96.,
1.,1.,58.,38.,17.,49.,28.,37.,51.,14.,21.,74.,22.,112.,102.,99.,47.,12.,101.,9.,8.,35.,
1.,1.,38.,7.,11.,102.,37.,34.,32.,17.,3.,104.,23.,58.,110.,22.,35.,25.,40.,108.,91.,73.,
0.,1.,37.,35.,38.,9.,102.,99.,17.,49.,89.,73.,65.,40.,112.,64.,66.,110.,23.,7.,14.,21.,
1.,1.,60.,34.,21.,65.,58.,99.,39.,37.,35.,40.,91.,27.,26.,76.,32.,110.,31.,73.,49.,46.,
1.,1.,7.,38.,49.,87.,102.,22.,37.,3.,14.,77.,51.,70.,86.,40.,48.,73.,29.,58.,9.,83.,
0.,1.,102.,37.,60.,34.,28.,35.,99.,9.,23.,92.,24.,73.,104.,3.,105.,111.,74.,58.,1.,112.,
0.,1.,38.,7.,11.,102.,34.,28.,58.,35.,14.,17.,23.,104.,3.,110.,37.,71.,26.,40.,111.,70.,
1.,0.,28.,37.,60.,58.,22.,112.,35.,40.,87.,39.,96.,13.,99.,9.,17.,21.,11.,8.,26.,45.,
0.,1.,60.,34.,37.,73.,99.,102.,42.,35.,7.,21.,74.,26.,40.,11.,93.,80.,65.,79.,23.,70.,
1.,1.,17.,38.,64.,65.,7.,49.,37.,112.,102.,32.,87.,58.,76.,89.,40.,97.,21.,99.,110.,107.,
1.,0.,64.,37.,34.,22.,28.,60.,58.,8.,102.,39.,104.,92.,96.,100.,80.,4.,61.,31.,40.,112.,
1.,1.,60.,28.,100.,34.,58.,35.,24.,92.,37.,23.,9.,110.,8.,104.,3.,102.,80.,26.,16.,32.,
0.,1.,38.,99.,11.,58.,21.,34.,110.,37.,35.,100.,73.,4.,23.,80.,32.,71.,18.,31.,40.,59.,
0.,1.,49.,38.,7.,64.,37.,17.,65.,32.,1.,11.,89.,35.,83.,61.,101.,102.,51.,110.,24.,87.,
0.,1.,87.,38.,112.,17.,49.,102.,99.,64.,3.,73.,37.,22.,80.,71.,46.,7.,47.,70.,12.,81.,
0.,0.,73.,60.,34.,37.,99.,102.,83.,1.,3.,35.,91.,65.,81.,39.,31.,79.,40.,104.,112.,111.,
1.,1.,38.,99.,11.,102.,58.,34.,110.,37.,35.,71.,91.,4.,64.,80.,2.,42.,40.,31.,65.,18.,
0.,1.,37.,28.,92.,60.,22.,34.,112.,21.,64.,99.,56.,102.,110.,48.,35.,91.,40.,24.,8.,111.,
1.,0.,64.,37.,100.,99.,102.,73.,40.,58.,7.,79.,3.,22.,21.,112.,109.,24.,4.,29.,52.,26.,
0.,1.,7.,34.,60.,28.,37.,64.,21.,58.,14.,32.,87.,35.,8.,102.,61.,104.,17.,84.,16.,27.,
1.,0.,38.,17.,21.,34.,102.,37.,100.,35.,40.,74.,11.,91.,105.,96.,111.,7.,14.,99.,83.,61.,
1.,1.,60.,37.,64.,21.,28.,34.,102.,92.,112.,22.,35.,58.,23.,24.,18.,29.,79.,87.,109.,81.,
0.,1.,60.,37.,35.,14.,87.,34.,23.,58.,24.,112.,92.,104.,62.,76.,32.,47.,56.,84.,65.,91.,
0.,0.,34.,102.,17.,37.,21.,38.,35.,11.,73.,91.,87.,31.,99.,110.,100.,51.,23.,96.,70.,26.,
1.,0.,68.,34.,28.,60.,37.,99.,22.,24.,53.,40.,67.,8.,35.,9.,25.,57.,87.,2.,91.,11.,
0.,0.,21.,64.,83.,102.,37.,99.,73.,42.,58.,40.,60.,25.,11.,7.,22.,46.,93.,67.,18.,13.,
0.,1.,38.,60.,34.,40.,35.,37.,87.,99.,21.,24.,96.,7.,23.,19.,110.,104.,22.,63.,11.,112.,
1.,1.,58.,28.,60.,34.,37.,64.,8.,99.,92.,76.,104.,3.,56.,48.,61.,40.,83.,73.,100.,93.,
0.,1.,99.,21.,58.,102.,34.,80.,35.,3.,14.,73.,93.,112.,71.,37.,91.,76.,40.,19.,9.,27.,
1.,1.,38.,40.,34.,60.,35.,7.,37.,99.,27.,76.,96.,64.,21.,24.,29.,19.,79.,31.,4.,2.,
1.,1.,34.,60.,22.,28.,58.,8.,100.,64.,23.,35.,92.,104.,74.,87.,80.,56.,73.,40.,4.,96.,
1.,1.,60.,28.,37.,68.,99.,34.,3.,112.,40.,102.,23.,53.,35.,24.,76.,111.,2.,104.,91.,31.,
0.,1.,34.,99.,21.,58.,35.,102.,83.,87.,91.,14.,105.,112.,73.,64.,17.,1.,37.,7.,104.,70.,
1.,1.,21.,32.,91.,1.,23.,37.,35.,99.,100.,49.,83.,64.,87.,63.,48.,110.,40.,9.,94.,89.,
0.,0.,64.,100.,37.,73.,21.,102.,42.,99.,16.,96.,112.,80.,92.,47.,104.,40.,74.,17.,63.,52.,
0.,0.,37.,60.,23.,34.,102.,7.,74.,100.,21.,79.,35.,67.,91.,8.,22.,112.,4.,25.,83.,84.,
0.,1.,110.,37.,32.,38.,22.,23.,21.,73.,99.,83.,87.,9.,7.,102.,17.,27.,1.,67.,50.,19.,
1.,1.,64.,28.,34.,37.,60.,21.,87.,35.,112.,100.,104.,7.,73.,24.,74.,47.,19.,102.,29.,8.,
1.,0.,83.,9.,21.,58.,102.,99.,73.,104.,100.,1.,7.,27.,35.,61.,3.,37.,65.,14.,11.,10.,
1.,1.,32.,23.,1.,21.,35.,49.,7.,87.,64.,26.,17.,91.,37.,80.,99.,83.,73.,63.,104.,74.,
0.,1.,37.,110.,21.,100.,23.,38.,96.,32.,73.,104.,83.,8.,7.,99.,47.,102.,3.,29.,9.,84.,
0.,0.,73.,64.,100.,21.,37.,34.,112.,99.,80.,102.,29.,63.,3.,40.,35.,93.,22.,110.,76.,17.,
1.,1.,37.,34.,23.,60.,102.,28.,92.,74.,21.,112.,17.,35.,22.,24.,104.,68.,18.,14.,83.,84.,
1.,0.,49.,7.,38.,32.,64.,8.,100.,37.,55.,101.,40.,9.,110.,21.,35.,87.,92.,26.,91.,56.,
0.,0.,21.,9.,83.,58.,102.,99.,40.,73.,87.,27.,11.,35.,24.,100.,7.,104.,37.,108.,67.,31.,
1.,1.,58.,28.,100.,37.,34.,60.,22.,112.,92.,35.,21.,3.,79.,102.,19.,110.,56.,51.,50.,53.,
1.,0.,38.,7.,21.,73.,37.,9.,49.,32.,82.,100.,26.,99.,55.,80.,78.,1.,92.,23.,40.,86.,
0.,1.,32.,35.,1.,71.,110.,37.,100.,67.,31.,47.,23.,91.,83.,41.,11.,73.,87.,40.,4.,49.,
0.,1.,32.,38.,35.,37.,22.,87.,7.,100.,2.,99.,21.,104.,23.,83.,1.,26.,67.,101.,89.,4.,
1.,1.,71.,23.,35.,37.,100.,38.,96.,32.,21.,8.,20.,65.,110.,22.,29.,94.,108.,73.,91.,53.,
1.,1.,38.,37.,99.,32.,35.,23.,34.,100.,110.,8.,64.,22.,82.,21.,73.,48.,72.,80.,67.,26.,
1.,1.,1.,38.,32.,49.,23.,21.,100.,110.,37.,9.,96.,53.,35.,99.,22.,8.,84.,31.,108.,59.,
0.,1.,32.,9.,37.,100.,22.,110.,23.,49.,67.,87.,11.,8.,99.,31.,83.,55.,29.,35.,40.,21.,
1.,0.,21.,32.,53.,1.,100.,23.,49.,73.,84.,83.,9.,96.,110.,31.,17.,102.,55.,25.,104.,82.,
1.,1.,71.,9.,35.,64.,110.,7.,73.,1.,14.,17.,67.,32.,100.,65.,28.,55.,40.,4.,91.,49.,
0.,0.,9.,32.,100.,22.,37.,73.,110.,11.,87.,83.,8.,35.,45.,7.,4.,67.,1.,29.,94.,77.,
1.,1.,71.,9.,35.,64.,110.,38.,96.,23.,14.,17.,37.,1.,21.,61.,104.,32.,92.,7.,48.,53.,
1.,1.,28.,17.,38.,49.,35.,99.,74.,64.,102.,9.,22.,100.,80.,21.,4.,76.,51.,61.,14.,37.,
0.,1.,17.,38.,49.,37.,64.,58.,112.,35.,86.,99.,31.,73.,3.,61.,51.,100.,47.,80.,102.,53.,
0.,0.,100.,7.,56.,1.,9.,22.,37.,65.,67.,64.,49.,17.,55.,24.,104.,32.,35.,89.,13.,40.,
0.,1.,32.,37.,87.,21.,23.,64.,35.,110.,8.,86.,112.,34.,100.,49.,47.,99.,12.,14.,83.,67.,
0.,1.,28.,17.,38.,49.,35.,99.,74.,9.,22.,102.,7.,64.,21.,80.,100.,73.,105.,89.,31.,63.,
0.,0.,64.,49.,37.,17.,38.,7.,73.,96.,99.,9.,87.,14.,3.,24.,86.,29.,31.,77.,93.,94.,
0.,0.,7.,100.,1.,9.,73.,37.,110.,29.,49.,101.,92.,67.,8.,3.,11.,56.,21.,4.,50.,102.,
1.,0.,73.,32.,21.,87.,37.,7.,31.,64.,9.,71.,35.,11.,55.,60.,49.,1.,4.,104.,12.,84.,
0.,1.,7.,49.,37.,38.,17.,112.,110.,102.,45.,25.,3.,8.,89.,22.,97.,19.,79.,14.,32.,27.,
1.,1.,7.,38.,65.,37.,102.,25.,45.,3.,96.,87.,49.,111.,73.,70.,80.,86.,14.,40.,83.,19.,
0.,1.,77.,38.,65.,37.,7.,102.,87.,40.,3.,14.,39.,52.,70.,60.,17.,9.,112.,49.,51.,26.,
1.,1.,49.,38.,7.,37.,17.,102.,64.,65.,61.,9.,18.,14.,72.,1.,58.,89.,3.,22.,100.,110.,
0.,1.,49.,37.,17.,64.,38.,35.,9.,23.,7.,25.,3.,96.,102.,99.,22.,81.,29.,73.,112.,31.,
0.,1.,38.,17.,21.,49.,99.,28.,74.,37.,51.,14.,80.,35.,22.,7.,61.,40.,9.,67.,4.,83.,
1.,0.,37.,49.,38.,17.,35.,64.,102.,9.,25.,112.,81.,73.,79.,7.,19.,47.,22.,1.,110.,76.,
0.,1.,38.,17.,99.,49.,7.,28.,21.,64.,23.,65.,37.,14.,74.,73.,80.,9.,35.,101.,51.,66.,
0.,0.,22.,28.,58.,7.,34.,64.,35.,23.,21.,80.,8.,40.,100.,82.,37.,92.,110.,83.,61.,76.,
1.,1.,60.,28.,17.,31.,68.,57.,3.,87.,8.,84.,37.,53.,55.,48.,9.,67.,79.,104.,13.,91.,
0.,0.,49.,17.,7.,102.,38.,64.,35.,96.,8.,100.,23.,14.,22.,87.,19.,3.,107.,104.,31.,9.,
0.,1.,65.,96.,25.,7.,38.,37.,17.,35.,40.,8.,58.,14.,102.,52.,89.,110.,21.,9.,83.,26.,
0.,0.,34.,28.,99.,37.,22.,7.,92.,58.,23.,112.,74.,84.,8.,87.,96.,13.,40.,110.,24.,35.,
1.,0.,68.,60.,31.,28.,64.,99.,22.,57.,53.,17.,37.,104.,112.,41.,2.,8.,94.,61.,35.,70.,
0.,1.,34.,102.,37.,60.,99.,38.,13.,24.,17.,100.,83.,105.,7.,65.,25.,3.,73.,96.,91.,74.,
1.,0.,17.,38.,102.,49.,22.,23.,64.,99.,100.,14.,35.,92.,87.,58.,32.,74.,51.,89.,107.,101.,
0.,0.,35.,65.,7.,58.,38.,96.,37.,9.,22.,104.,49.,83.,102.,45.,87.,25.,112.,21.,76.,101.,
0.,1.,28.,34.,37.,112.,100.,105.,21.,104.,60.,87.,40.,22.,35.,24.,7.,8.,4.,74.,12.,56.,
0.,1.,28.,60.,99.,102.,37.,34.,110.,87.,91.,100.,40.,4.,65.,61.,32.,67.,22.,31.,23.,41.,
1.,1.,58.,34.,37.,28.,60.,35.,64.,102.,104.,74.,21.,18.,87.,110.,112.,91.,84.,8.,26.,46.,
0.,0.,64.,38.,87.,37.,102.,17.,49.,73.,104.,3.,32.,74.,7.,52.,58.,39.,35.,26.,60.,51.,
0.,1.,77.,38.,17.,65.,37.,3.,87.,7.,112.,51.,31.,102.,39.,89.,52.,97.,14.,40.,86.,32.,
0.,0.,9.,38.,21.,100.,99.,102.,58.,37.,40.,105.,51.,83.,112.,61.,74.,47.,111.,91.,86.,16.,
0.,1.,34.,58.,60.,37.,28.,102.,74.,64.,67.,104.,3.,2.,100.,21.,29.,40.,47.,105.,18.,23.,
0.,1.,34.,40.,35.,38.,102.,3.,83.,99.,104.,14.,27.,21.,110.,64.,73.,37.,9.,91.,26.,74.,
0.,1.,28.,34.,37.,100.,87.,21.,24.,112.,91.,8.,60.,58.,7.,40.,96.,93.,48.,84.,56.,76.,
0.,0.,7.,38.,102.,37.,64.,21.,22.,17.,3.,49.,96.,23.,110.,87.,35.,4.,112.,26.,12.,73.,
0.,1.,65.,38.,102.,17.,7.,37.,22.,77.,14.,31.,89.,35.,51.,70.,58.,87.,101.,80.,1.,4.,
0.,1.,38.,34.,58.,102.,37.,99.,40.,7.,21.,27.,14.,17.,64.,100.,112.,93.,50.,110.,35.,49.,
1.,0.,38.,9.,21.,37.,102.,100.,73.,35.,2.,83.,60.,40.,105.,58.,77.,27.,33.,67.,111.,24.,
1.,1.,64.,58.,37.,57.,60.,100.,102.,35.,46.,104.,2.,28.,40.,96.,9.,17.,110.,74.,13.,24.,
1.,1.,37.,28.,7.,68.,99.,39.,58.,8.,102.,91.,40.,35.,84.,22.,1.,31.,104.,61.,48.,74.,
1.,1.,21.,99.,83.,37.,102.,35.,7.,34.,14.,105.,93.,17.,29.,3.,42.,104.,24.,74.,65.,71.,
1.,1.,64.,58.,37.,57.,60.,83.,3.,28.,46.,92.,2.,4.,111.,56.,80.,110.,74.,91.,23.,112.,
0.,1.,7.,28.,34.,68.,99.,37.,22.,112.,8.,91.,21.,60.,58.,92.,40.,102.,26.,48.,87.,73.,
0.,1.,34.,58.,37.,40.,35.,99.,24.,7.,21.,60.,79.,87.,112.,19.,52.,2.,22.,31.,4.,76.,
0.,1.,102.,21.,100.,34.,99.,37.,7.,35.,83.,14.,87.,91.,40.,11.,17.,3.,73.,9.,25.,47.,
1.,0.,34.,58.,37.,40.,102.,99.,35.,7.,1.,60.,22.,104.,21.,64.,80.,83.,91.,79.,70.,26.,
1.,1.,64.,100.,35.,28.,60.,37.,92.,112.,14.,110.,22.,79.,7.,24.,17.,21.,53.,19.,8.,56.,
1.,1.,28.,37.,64.,104.,34.,102.,58.,112.,91.,35.,105.,74.,100.,110.,101.,67.,3.,2.,31.,24.,
0.,0.,38.,11.,49.,9.,102.,37.,17.,35.,7.,21.,80.,58.,34.,24.,78.,27.,14.,50.,73.,61.,
0.,0.,83.,37.,73.,102.,100.,112.,58.,21.,4.,35.,67.,79.,40.,38.,96.,89.,74.,3.,110.,2.,
1.,1.,104.,28.,100.,7.,37.,99.,91.,22.,3.,21.,60.,58.,47.,87.,83.,84.,93.,74.,107.,77.,
1.,1.,64.,37.,35.,100.,28.,34.,23.,92.,112.,102.,73.,22.,80.,21.,82.,105.,79.,40.,56.,47.,
0.,0.,38.,102.,49.,11.,9.,34.,7.,112.,55.,58.,37.,40.,74.,3.,73.,83.,35.,17.,105.,101.,
1.,0.,83.,37.,21.,17.,99.,102.,7.,112.,91.,105.,79.,35.,58.,80.,73.,4.,25.,51.,27.,28.,
0.,1.,64.,28.,100.,37.,35.,60.,58.,38.,49.,104.,92.,14.,110.,87.,40.,15.,112.,26.,79.,73.,
1.,0.,11.,17.,99.,34.,7.,102.,1.,35.,73.,38.,58.,49.,80.,37.,67.,76.,9.,8.,83.,112.,
0.,1.,28.,37.,34.,104.,58.,60.,24.,35.,87.,110.,31.,3.,74.,22.,40.,29.,2.,64.,102.,70.,
0.,0.,9.,64.,102.,100.,37.,21.,35.,99.,101.,92.,112.,16.,83.,40.,24.,109.,52.,74.,11.,87.,
0.,0.,34.,21.,17.,11.,102.,7.,38.,35.,6.,8.,96.,73.,9.,58.,74.,112.,24.,40.,89.,100.,
0.,1.,64.,37.,28.,104.,58.,34.,102.,7.,105.,96.,112.,3.,74.,80.,24.,40.,2.,68.,35.,26.,
0.,0.,35.,37.,64.,100.,28.,58.,102.,112.,60.,87.,104.,21.,105.,92.,31.,48.,93.,26.,79.,73.,
1.,0.,21.,9.,8.,37.,102.,64.,100.,35.,92.,58.,87.,112.,79.,73.,42.,24.,27.,36.,16.,77.,
1.,1.,38.,7.,21.,49.,37.,22.,99.,110.,67.,9.,14.,17.,73.,1.,91.,62.,35.,87.,100.,92.,
1.,1.,38.,7.,21.,99.,37.,35.,22.,64.,14.,17.,67.,101.,73.,9.,29.,11.,50.,87.,51.,49.,
1.,1.,25.,49.,99.,38.,37.,35.,7.,28.,14.,84.,112.,83.,63.,22.,91.,67.,87.,21.,29.,8.,
0.,1.,49.,37.,87.,38.,99.,28.,25.,35.,104.,112.,7.,64.,45.,24.,84.,14.,73.,31.,60.,39.,
1.,1.,17.,49.,102.,38.,7.,37.,99.,77.,45.,65.,101.,3.,22.,73.,92.,14.,89.,87.,21.,40.,
0.,1.,14.,7.,83.,37.,49.,17.,102.,70.,65.,45.,25.,35.,99.,38.,73.,89.,62.,40.,66.,41.,
1.,1.,99.,37.,38.,102.,31.,7.,47.,21.,9.,22.,64.,84.,49.,110.,29.,40.,76.,4.,79.,60.,
0.,1.,37.,38.,21.,99.,102.,49.,39.,31.,22.,9.,40.,101.,100.,3.,80.,57.,58.,104.,26.,77.,
1.,1.,17.,38.,37.,73.,102.,47.,7.,99.,65.,77.,104.,40.,50.,112.,58.,14.,22.,25.,12.,86.,
0.,1.,17.,38.,99.,49.,102.,37.,47.,7.,65.,77.,78.,40.,80.,73.,101.,87.,61.,25.,93.,8.,
0.,1.,37.,102.,35.,17.,38.,73.,7.,16.,49.,96.,40.,47.,99.,24.,77.,83.,104.,67.,89.,25.,
1.,1.,71.,37.,35.,64.,110.,73.,99.,31.,28.,17.,88.,26.,102.,55.,91.,9.,7.,1.,96.,40.,
1.,1.,71.,37.,35.,21.,64.,99.,29.,26.,38.,9.,73.,7.,110.,50.,47.,19.,102.,67.,74.,17.,
0.,1.,35.,73.,21.,100.,22.,80.,40.,31.,8.,99.,45.,91.,1.,19.,13.,95.,11.,74.,37.,76.,
1.,0.,35.,73.,21.,100.,99.,22.,80.,37.,40.,1.,67.,31.,101.,96.,63.,64.,25.,8.,74.,14.,
0.,1.,38.,83.,37.,87.,7.,99.,35.,102.,21.,17.,14.,58.,24.,25.,73.,45.,108.,9.,49.,74.,
1.,1.,83.,37.,87.,102.,38.,7.,96.,35.,99.,104.,22.,73.,80.,45.,9.,25.,74.,14.,111.,31.,
1.,0.,38.,17.,91.,37.,102.,35.,80.,8.,108.,31.,14.,7.,49.,99.,110.,40.,74.,47.,104.,112.,
1.,1.,38.,17.,7.,37.,102.,21.,99.,8.,24.,22.,43.,64.,76.,31.,108.,3.,80.,84.,4.,23.,
1.,1.,17.,38.,21.,37.,102.,7.,35.,22.,47.,9.,2.,14.,99.,29.,58.,40.,54.,73.,70.,91.,
1.,1.,60.,64.,100.,37.,99.,22.,35.,28.,27.,73.,83.,14.,11.,82.,19.,31.,47.,26.,2.,40.,
0.,1.,60.,64.,99.,58.,37.,35.,28.,22.,100.,67.,19.,92.,105.,62.,29.,84.,21.,104.,47.,8.,
0.,1.,64.,60.,37.,99.,35.,28.,22.,24.,2.,100.,112.,3.,26.,58.,87.,27.,102.,84.,98.,76.,
1.,1.,64.,99.,28.,87.,58.,22.,37.,60.,92.,100.,67.,26.,35.,73.,19.,24.,2.,48.,39.,104.,
1.,1.,64.,99.,60.,35.,58.,37.,87.,28.,100.,27.,31.,22.,67.,26.,3.,112.,84.,83.,9.,102.,
1.,1.,28.,58.,99.,22.,37.,60.,64.,87.,21.,92.,26.,19.,91.,47.,25.,103.,67.,35.,102.,16.,
0.,1.,99.,64.,58.,60.,37.,35.,28.,22.,21.,14.,3.,67.,105.,27.,91.,9.,24.,19.,6.,110.,
0.,1.,58.,99.,22.,60.,28.,87.,37.,26.,3.,105.,100.,80.,110.,64.,92.,35.,112.,19.,93.,34.,
0.,1.,64.,99.,37.,58.,28.,60.,35.,73.,104.,21.,22.,67.,24.,110.,91.,14.,40.,13.,83.,101.,
0.,0.,35.,64.,22.,31.,37.,7.,71.,1.,73.,84.,104.,90.,55.,62.,77.,102.,40.,74.,101.,92.,
0.,0.,35.,73.,22.,64.,37.,7.,96.,1.,38.,40.,104.,100.,112.,110.,3.,101.,102.,67.,66.,62.,
1.,1.,99.,35.,28.,60.,37.,100.,13.,22.,2.,67.,64.,31.,48.,9.,112.,27.,105.,19.,8.,102.,
0.,0.,99.,64.,100.,73.,37.,35.,38.,24.,91.,40.,22.,13.,110.,9.,8.,17.,50.,46.,74.,67.,
0.,0.,99.,73.,100.,35.,64.,79.,31.,37.,60.,36.,61.,21.,20.,9.,77.,101.,7.,14.,33.,11.,
1.,1.,71.,38.,7.,21.,35.,3.,96.,99.,73.,19.,28.,104.,47.,76.,110.,91.,29.,67.,4.,83.,
0.,1.,38.,7.,22.,71.,35.,73.,111.,37.,61.,100.,21.,45.,3.,28.,29.,76.,19.,99.,51.,14.,
0.,0.,37.,99.,8.,38.,7.,22.,83.,80.,102.,9.,35.,67.,45.,21.,74.,52.,101.,89.,46.,31.,
1.,1.,37.,99.,8.,38.,7.,102.,73.,83.,9.,104.,24.,22.,81.,80.,111.,67.,108.,77.,29.,52.,
1.,1.,99.,8.,38.,7.,37.,80.,102.,3.,17.,22.,9.,24.,83.,29.,112.,86.,58.,100.,39.,76.,
0.,1.,64.,49.,38.,99.,35.,25.,37.,76.,102.,100.,21.,83.,7.,9.,22.,23.,17.,31.,27.,77.,
1.,1.,49.,64.,25.,35.,38.,37.,21.,96.,11.,102.,51.,7.,99.,100.,76.,70.,14.,31.,73.,61.,
1.,1.,60.,28.,99.,37.,22.,35.,100.,8.,104.,58.,102.,67.,24.,48.,73.,84.,112.,64.,87.,1.,
0.,1.,28.,60.,37.,99.,35.,22.,58.,24.,46.,2.,112.,87.,29.,27.,92.,102.,105.,9.,103.,21.,
0.,1.,58.,99.,22.,28.,64.,100.,48.,105.,35.,67.,13.,19.,39.,79.,37.,61.,84.,92.,46.,40.,
1.,1.,60.,58.,99.,64.,22.,28.,100.,35.,104.,8.,74.,2.,26.,19.,112.,13.,24.,67.,18.,39.,
0.,1.,31.,64.,21.,37.,99.,22.,67.,29.,100.,35.,91.,89.,73.,96.,20.,38.,88.,8.,51.,26.,
0.,1.,64.,31.,7.,21.,22.,37.,35.,99.,19.,83.,34.,74.,28.,102.,71.,87.,79.,38.,110.,26.,
0.,1.,35.,64.,37.,1.,21.,61.,110.,60.,79.,92.,108.,67.,26.,102.,50.,31.,101.,24.,17.,84.,
0.,1.,28.,37.,7.,35.,64.,110.,1.,93.,101.,32.,92.,79.,62.,26.,31.,80.,51.,91.,85.,56.,
1.,1.,17.,38.,7.,37.,102.,35.,47.,22.,81.,26.,104.,79.,3.,49.,14.,91.,6.,74.,28.,83.,
0.,1.,35.,17.,99.,38.,37.,7.,102.,22.,3.,67.,74.,14.,83.,64.,79.,21.,31.,24.,81.,111.,
0.,1.,64.,35.,99.,37.,28.,110.,21.,25.,111.,45.,87.,73.,60.,40.,26.,22.,47.,67.,101.,108.,
1.,1.,35.,64.,21.,25.,37.,99.,28.,110.,73.,29.,47.,84.,71.,62.,91.,1.,101.,104.,40.,92.,
1.,1.,7.,35.,64.,37.,38.,22.,21.,96.,91.,73.,104.,1.,99.,39.,101.,12.,60.,13.,47.,62.,
0.,1.,35.,7.,38.,64.,37.,22.,21.,87.,47.,31.,67.,101.,99.,25.,91.,84.,3.,74.,73.,76.,
1.,1.,35.,17.,99.,37.,38.,102.,7.,96.,73.,9.,104.,19.,87.,80.,24.,14.,40.,26.,101.,16.,
0.,1.,102.,38.,99.,35.,37.,17.,104.,7.,9.,21.,83.,87.,22.,3.,14.,101.,6.,16.,40.,94.,
1.,1.,22.,99.,35.,100.,37.,28.,70.,60.,46.,84.,67.,101.,80.,61.,19.,72.,50.,92.,86.,4.,
0.,1.,64.,38.,25.,37.,99.,35.,7.,81.,21.,49.,76.,14.,9.,40.,11.,87.,73.,104.,47.,108.,
1.,1.,99.,22.,28.,37.,7.,100.,35.,74.,2.,9.,73.,67.,19.,3.,8.,70.,21.,105.,31.,46.,
1.,1.,7.,37.,25.,38.,35.,99.,22.,24.,14.,73.,74.,81.,104.,3.,31.,47.,49.,9.,17.,87.,
1.,1.,7.,37.,35.,99.,100.,22.,67.,28.,104.,31.,14.,84.,9.,112.,71.,29.,4.,12.,2.,94.,
0.,0.,35.,64.,99.,58.,37.,26.,7.,28.,80.,3.,34.,100.,55.,1.,40.,101.,21.,14.,33.,8.,
0.,0.,64.,99.,100.,37.,35.,28.,73.,7.,3.,58.,2.,14.,29.,34.,102.,26.,55.,74.,25.,71.,
0.,1.,64.,99.,7.,37.,58.,22.,8.,35.,84.,104.,28.,102.,112.,78.,29.,12.,76.,92.,56.,4.,
1.,1.,34.,64.,99.,7.,37.,58.,26.,22.,102.,84.,55.,28.,48.,19.,77.,92.,11.,67.,35.,21.,
1.,1.,64.,99.,7.,58.,37.,22.,35.,3.,9.,67.,11.,111.,19.,102.,28.,26.,100.,74.,65.,14.,
1.,1.,76.,37.,99.,64.,35.,7.,49.,102.,74.,21.,80.,83.,22.,110.,25.,19.,104.,23.,73.,2.,
0.,1.,35.,37.,64.,76.,21.,7.,102.,99.,83.,24.,112.,67.,87.,22.,80.,23.,111.,26.,73.,31.,
0.,1.,7.,64.,102.,37.,99.,76.,21.,35.,87.,112.,74.,11.,73.,80.,108.,61.,26.,31.,51.,47.,
1.,0.,35.,25.,96.,17.,37.,7.,38.,100.,16.,9.,13.,3.,79.,65.,99.,72.,1.,57.,2.,29.,
1.,0.,17.,37.,35.,38.,25.,7.,102.,64.,9.,16.,81.,22.,3.,108.,49.,100.,74.,26.,23.,13.,
1.,0.,28.,37.,26.,99.,60.,100.,35.,3.,19.,67.,110.,111.,64.,96.,12.,38.,74.,21.,39.,84.,
1.,0.,35.,25.,99.,17.,38.,37.,96.,9.,102.,14.,64.,45.,7.,101.,22.,1.,89.,29.,16.,83.,
1.,1.,21.,99.,58.,37.,28.,64.,35.,73.,80.,14.,48.,22.,60.,110.,19.,42.,40.,31.,104.,2.,
1.,1.,58.,100.,28.,99.,64.,37.,22.,35.,27.,79.,67.,19.,29.,60.,57.,48.,104.,74.,14.,112.,
1.,1.,7.,99.,83.,37.,28.,100.,73.,35.,48.,26.,3.,25.,87.,105.,104.,2.,93.,22.,11.,14.,
1.,1.,35.,37.,28.,25.,99.,64.,60.,100.,31.,2.,9.,24.,67.,79.,73.,102.,80.,21.,68.,18.,
1.,1.,28.,37.,99.,100.,58.,87.,21.,64.,31.,92.,67.,24.,83.,35.,3.,110.,27.,104.,108.,9.,
0.,1.,37.,99.,100.,28.,87.,22.,58.,21.,27.,67.,92.,13.,48.,24.,84.,31.,104.,26.,1.,74.,
1.,1.,64.,58.,60.,37.,99.,22.,35.,102.,87.,14.,73.,3.,29.,34.,26.,74.,80.,11.,82.,71.,
0.,0.,35.,38.,17.,37.,25.,22.,73.,102.,83.,104.,9.,26.,1.,108.,16.,89.,3.,14.,8.,64.,
1.,0.,35.,25.,37.,38.,102.,99.,100.,17.,3.,9.,47.,26.,108.,104.,39.,14.,22.,93.,57.,80.,
1.,1.,100.,28.,99.,37.,87.,21.,31.,24.,22.,35.,11.,7.,104.,40.,48.,12.,60.,17.,3.,58.,
0.,1.,28.,99.,7.,100.,37.,58.,87.,25.,3.,21.,26.,35.,105.,68.,27.,93.,109.,104.,91.,24.,
1.,1.,99.,28.,100.,37.,7.,22.,87.,58.,8.,3.,14.,9.,26.,35.,56.,13.,80.,48.,112.,24.,
1.,1.,37.,99.,7.,87.,28.,64.,26.,100.,58.,104.,35.,31.,67.,29.,47.,94.,44.,83.,46.,79.,
1.,1.,99.,28.,7.,100.,37.,83.,26.,22.,73.,67.,80.,9.,24.,19.,110.,92.,3.,56.,88.,48.,
1.,1.,28.,64.,7.,21.,37.,99.,83.,22.,3.,51.,100.,67.,108.,60.,47.,19.,35.,31.,40.,92.,
0.,1.,21.,37.,100.,28.,7.,99.,58.,60.,35.,96.,13.,79.,64.,2.,26.,3.,31.,51.,101.,67.,
1.,1.,28.,37.,25.,60.,99.,35.,100.,58.,87.,57.,2.,67.,26.,3.,80.,111.,74.,61.,9.,112.,
0.,1.,60.,28.,64.,25.,37.,26.,55.,99.,58.,87.,67.,3.,7.,21.,35.,40.,22.,9.,34.,76.,
0.,1.,25.,37.,49.,38.,35.,99.,64.,24.,14.,83.,7.,79.,40.,9.,47.,45.,91.,43.,77.,2.,
1.,1.,99.,38.,25.,37.,35.,64.,102.,24.,22.,3.,14.,79.,49.,104.,74.,45.,9.,76.,62.,21.,
1.,0.,100.,22.,21.,25.,35.,7.,99.,80.,37.,91.,79.,73.,9.,45.,26.,12.,104.,40.,32.,74.,
1.,0.,22.,100.,35.,21.,25.,7.,79.,37.,83.,60.,99.,80.,110.,45.,104.,67.,41.,13.,29.,81.,
1.,1.,22.,7.,35.,100.,21.,83.,73.,37.,99.,80.,4.,87.,20.,60.,48.,84.,24.,67.,79.,110.,
0.,1.,35.,7.,25.,100.,37.,22.,83.,21.,91.,45.,4.,87.,74.,104.,73.,80.,60.,24.,20.,82.,
1.,1.,21.,25.,38.,100.,37.,99.,74.,35.,7.,87.,83.,64.,110.,28.,111.,41.,8.,60.,14.,6.,
1.,0.,35.,37.,99.,21.,28.,7.,39.,101.,27.,63.,104.,1.,38.,24.,16.,29.,73.,25.,79.,112.,
0.,1.,21.,25.,99.,35.,87.,37.,100.,47.,22.,67.,83.,38.,64.,101.,9.,58.,76.,84.,111.,110.,
1.,1.,35.,21.,99.,38.,37.,102.,58.,28.,27.,7.,104.,31.,62.,101.,84.,87.,24.,47.,108.,3.,
1.,1.,21.,35.,38.,37.,99.,22.,47.,7.,100.,74.,14.,101.,1.,102.,39.,27.,105.,43.,67.,23.,
0.,1.,38.,21.,35.,79.,25.,37.,99.,7.,100.,91.,83.,22.,9.,45.,17.,112.,67.,40.,101.,86.,
1.,1.,21.,25.,99.,100.,37.,22.,87.,38.,14.,60.,86.,31.,9.,35.,104.,1.,83.,67.,84.,58.,
1.,1.,37.,17.,38.,64.,102.,7.,99.,47.,101.,43.,35.,77.,83.,65.,61.,49.,9.,67.,2.,29.,
0.,1.,17.,37.,47.,99.,64.,102.,7.,67.,31.,38.,43.,22.,77.,76.,96.,93.,73.,74.,35.,2.,
0.,1.,37.,17.,38.,64.,99.,102.,7.,73.,47.,67.,96.,43.,83.,24.,80.,14.,31.,81.,101.,91.,
0.,1.,38.,99.,17.,35.,37.,7.,25.,102.,89.,64.,45.,22.,47.,100.,80.,8.,81.,40.,92.,3.,
1.,1.,100.,37.,99.,102.,38.,35.,64.,25.,22.,16.,21.,101.,93.,96.,104.,9.,7.,3.,29.,45.,
1.,1.,102.,37.,7.,25.,38.,83.,73.,96.,35.,87.,40.,13.,24.,21.,100.,28.,2.,108.,4.,31.,
1.,1.,37.,102.,25.,38.,73.,13.,41.,83.,1.,91.,96.,60.,42.,7.,70.,22.,4.,67.,56.,40.,
1.,1.,83.,21.,73.,35.,25.,38.,64.,100.,36.,80.,96.,79.,104.,31.,91.,8.,24.,93.,29.,20.,
0.,1.,35.,100.,99.,21.,37.,38.,25.,3.,91.,60.,96.,19.,31.,7.,52.,29.,86.,45.,24.,26.,
0.,0.,38.,55.,87.,37.,22.,35.,60.,47.,21.,40.,73.,100.,99.,20.,80.,67.,19.,91.,26.,25.,
0.,0.,35.,25.,99.,83.,21.,52.,40.,37.,80.,100.,60.,7.,71.,38.,61.,13.,64.,104.,24.,110.,
0.,1.,7.,64.,21.,25.,83.,99.,22.,80.,86.,35.,17.,31.,67.,29.,12.,79.,3.,87.,104.,14.,
1.,1.,55.,38.,7.,47.,21.,73.,99.,35.,3.,91.,31.,104.,22.,87.,67.,37.,24.,83.,29.,76.,
0.,0.,64.,83.,38.,25.,37.,99.,21.,7.,35.,60.,22.,17.,24.,8.,108.,4.,100.,84.,31.,41.,
1.,1.,71.,7.,21.,25.,73.,83.,64.,100.,35.,45.,91.,2.,80.,76.,31.,87.,74.,67.,70.,86.,
0.,0.,55.,38.,7.,21.,35.,3.,99.,22.,73.,100.,104.,14.,47.,11.,19.,91.,83.,57.,86.,87.,
1.,1.,7.,25.,21.,100.,83.,99.,37.,91.,17.,22.,102.,45.,35.,64.,24.,71.,74.,19.,1.,41.,
